"Variable","Mean","Median","SD","Min","Max"
"Demand (MW)",14920.1291021886,14661,2500.68628819693,9581,24739
"Temperature (°C)",10.571522820122,11.41,10.6231781837795,-25.23541666675,34.1
