"Critical_Level_MW","Horizon_Years","Lambda_z","Prob_AtLeastOne"
22000,1,1.18888955153309,0.695440726260583
22000,5,1.18888955153309,0.997379650983471
22000,10,1.18888955153309,0.999993133771032
23000,1,1.64708342132126,0.807389145086148
23000,5,1.64708342132126,0.999734903621755
23000,10,1.64708342132126,0.99999992972391
23500,1,1.78608172367828,0.832384350917371
23500,5,1.78608172367828,0.999867696048345
23500,10,1.78608172367828,0.999999982495664
