"Model","Location","Scale","Shape"
"GEV (weekly maxima)",13197.7778889666,1774.95815592142,0.284723604413667
"GPD (POT, declustered)",NA,2618.47788235741,-0.428466230477342
